{
  "model": "espcn",
  "params": 21284,
  "tflite_int8_kb": 26.2,
  "ops": [
    "CONV_2D",
    "DEPTH_TO_SPACE"
  ],
  "float32": {
    "psnr": 31.726811483026093,
    "ssim": 0.913932137837693
  },
  "int8": {
    "psnr": 31.448955100420946,
    "ssim": 0.9028000322651101
  },
  "psnr_drop": 0.27785638260514745
}