{
  "model": "espcn_light",
  "params": 6036,
  "tflite_int8_kb": 10.1,
  "ops": [
    "CONV_2D",
    "DEPTH_TO_SPACE"
  ],
  "float32": {
    "psnr": 31.447985148321003,
    "ssim": 0.9114800367725494
  },
  "int8": {
    "psnr": 30.806691487630207,
    "ssim": 0.892380008686623
  },
  "psnr_drop": 0.6412936606907955
}