{
  "model": "espcn_micro",
  "params": 1612,
  "tflite_int8_kb": 5.2,
  "ops": [
    "CONV_2D",
    "DEPTH_TO_SPACE"
  ],
  "float32": {
    "psnr": 30.915598499176166,
    "ssim": 0.9052937169597574
  },
  "int8": {
    "psnr": 30.749631054325192,
    "ssim": 0.8985704518344304
  },
  "psnr_drop": 0.16596744485097403
}