{
  "model": "edsr_tiny",
  "params": 158692,
  "tflite_int8_kb": 185.2,
  "ops": [
    "ADD",
    "CONV_2D",
    "DEPTH_TO_SPACE"
  ],
  "float32": {
    "psnr": 32.83196135743024,
    "ssim": 0.9266901351001164
  },
  "int8": {
    "psnr": 32.57959250010312,
    "ssim": 0.9203841122862411
  },
  "psnr_drop": 0.2523688573271201
}