{
  "model": "fsrcnn_ds",
  "params": 10120,
  "tflite_int8_kb": 20.8,
  "ops": [
    "CONV_2D",
    "DEPTH_TO_SPACE"
  ],
  "float32": {
    "psnr": 31.614201079764868,
    "ssim": 0.9131630389657739
  },
  "int8": {
    "psnr": 31.125233010069966,
    "ssim": 0.895144389372438
  },
  "psnr_drop": 0.48896806969490214
}